{
    "definition": {
        "$schema": "https://schema.management.azure.com/providers/Microsoft.Logic/schemas/2016-06-01/workflowdefinition.json#",
        "actions": {
            "CallCreateTeam": {
                "type": "Workflow",
                "inputs": {
                    "host": {
                        "workflow": {
                            "id": "create-team"
                        }
                    },
                    "body": {
                        "Description": "Provisioned Team description",
                        "Name": "Provisioned Team Call from inside",
                        "OwnerEmail": "@parameters('OwnerEmail')"
                    }
                },
                "runAfter": {}
            }
        },
        "triggers": {
            "manual": {
                "type": "Request",
                "kind": "Http",
                "inputs": {}
            }
        },
        "contentVersion": "1.0.0.0",
        "outputs": {}
    },
    "kind": "Stateful"
}